question,method,answer,confidence,consistency,reliability,hallucination_risk,decision
Why is the sky blue?,Base,"The sky is blue because of the presence of blue light. Blue light is emitted by the Earth's atmosphere, which is made up of gases such as oxygen, nitrogen, and argon. These gases abs",0.6968159560735027,,,,
Why is the sky blue?,DoLa,"The sky is blue because of the presence of blue light. Blue light is emitted by the Earth's atmosphere, which is made up of gases such as oxygen, nitrogen, and argon. These gases abs",0.6973860532355806,,,,
Why is the sky blue?,DoLa + SC,The sky is blue because of the reflected light from the Earth's atmosphere. The colors of the sky are caused by the refraction of light as it bounces off the Earth's surface and enters the atmosphere. The blue color,0.8133585512017211,0.9,,,
Why is the sky blue?,DoLa + ENN,"The sky is blue because of the presence of blue light. Blue light is emitted by the Earth's atmosphere, which is made up of gases such as oxygen, nitrogen, and argon. These gases abs",0.6973860532355806,,0.6903695190832123,0.3096304809167877,
Why is the sky blue?,Final,The sky is blue because of the reflected light from the Earth's atmosphere. The colors of the sky are caused by the refraction of light as it bounces off the Earth's surface and enters the atmosphere. The blue color,0.8133585512017211,0.9,0.6903695190832123,0.3096304809167877,ACCEPT
what is mean by the AI,Base,"AI stands for Artificial Intelligence. It is a field of computer science that involves the development of computer systems that can exhibit intelligent behavior, such as understanding and solving problems, learning from experience, and making decisions based on",0.6828304550920924,,,,
what is mean by the AI,DoLa,"AI stands for Artificial Intelligence. It is a field of computer science that involves the development of computer systems that can exhibit intelligent behavior, such as understanding and solving problems, learning from experience, and making decisions based on",0.6839067706217369,,,,
what is mean by the AI,DoLa + SC,"AI stands for Artificial Intelligence, a branch of computer science that involves the development of computer systems that can exhibit intelligent behavior and learn from experience. In the context of this answer, the term ""AI"" refers to the",0.7793498384805085,1.0,,,
what is mean by the AI,DoLa + ENN,"AI stands for Artificial Intelligence. It is a field of computer science that involves the development of computer systems that can exhibit intelligent behavior, such as understanding and solving problems, learning from experience, and making decisions based on",0.6839067706217369,,0.7317910857783064,0.2682089142216936,
what is mean by the AI,Final,"AI stands for Artificial Intelligence, a branch of computer science that involves the development of computer systems that can exhibit intelligent behavior and learn from experience. In the context of this answer, the term ""AI"" refers to the",0.7793498384805085,1.0,0.7317910857783064,0.2682089142216936,ACCEPT
What is meant by AI?,Base,"AI stands for Artificial Intelligence. It is a branch of computer science that involves the development of computer systems that can perform tasks that are typically done by humans, such as understanding language, reasoning, and problem-solving. A",0.7035181159153581,,,,
What is meant by AI?,DoLa,"AI stands for Artificial Intelligence. It is a branch of computer science that deals with the development of machines that can perform tasks that are typically done by humans, such as understanding language, reasoning, and problem-solving.",0.7099389514575402,,,,
What is meant by AI?,DoLa + SC,"AI, abbreviated as Artificial Intelligence, is a branch of computer science that involves the development of machines that can perform tasks that would typically require human intelligence, such as understanding language, reasoning, planning, and problem-sol",0.7892584965253869,1.0,,,
What is meant by AI?,DoLa + ENN,"AI stands for Artificial Intelligence. It is a branch of computer science that deals with the development of machines that can perform tasks that are typically done by humans, such as understanding language, reasoning, and problem-solving.",0.7099389514575402,,0.7276382241407097,0.27236177585929033,
What is meant by AI?,Final,"AI, abbreviated as Artificial Intelligence, is a branch of computer science that involves the development of machines that can perform tasks that would typically require human intelligence, such as understanding language, reasoning, planning, and problem-sol",0.7892584965253869,1.0,0.7276382241407097,0.27236177585929033,ACCEPT
